Target Model,Referee Model,NO,UNKNOWN,YES
claude-3-opus-20240229,anthropic/claude-3-5-sonnet-20240620,83.33333333333334,0.0,16.666666666666664
claude-3-opus-20240229,openai/gpt-4o,83.33333333333334,0.0,16.666666666666664
claude-opus-4-20250514,anthropic/claude-3-5-sonnet-20240620,83.33333333333334,0.0,16.666666666666664
claude-opus-4-20250514,openai/gpt-4o,83.33333333333334,16.666666666666664,0.0
